{"accuracy": 0.7540983606557377, "roc_auc": 0.7483766233766235, "f1": 0.7826086956521738}