{"accuracy": 0.7, "roc_auc": 0.6043956043956045, "f1": 0.8000000000000002}