{"accuracy": 0.8688524590163934, "roc_auc": 0.8625541125541125, "f1": 0.8857142857142858}