{"accuracy": 0.8688524590163934, "roc_auc": 0.8693548387096774, "f1": 0.870967741935484}