{"accuracy": 0.65, "roc_auc": 0.5659340659340659, "f1": 0.7586206896551724}